{"stats":{"minecraft:picked_up":{"minecraft:chainmail_helmet":1},"minecraft:custom":{"minecraft:jump":256,"minecraft:open_chest":2,"minecraft:time_since_rest":11883,"minecraft:deaths":1,"minecraft:damage_dealt":60,"minecraft:leave_game":1,"minecraft:play_time":21247,"minecraft:sprint_one_cm":22466,"minecraft:damage_taken":660,"minecraft:time_since_death":11815,"minecraft:walk_one_cm":16035,"minecraft:sneak_time":86,"minecraft:total_world_time":21247,"minecraft:fall_one_cm":6814,"minecraft:fly_one_cm":169813,"minecraft:inspect_dispenser":5},"minecraft:mined":{"minecraft:spruce_fence":1},"minecraft:used":{"minecraft:netherite_block":1,"minecraft:brown_concrete":1}},"DataVersion":3465}