{"stats":{"minecraft:picked_up":{"minecraft:chainmail_helmet":1},"minecraft:custom":{"minecraft:jump":223,"minecraft:open_chest":2,"minecraft:time_since_rest":9247,"minecraft:damage_dealt":60,"minecraft:leave_game":1,"minecraft:play_time":9247,"minecraft:sprint_one_cm":18142,"minecraft:damage_taken":40,"minecraft:time_since_death":9247,"minecraft:walk_one_cm":14599,"minecraft:sneak_time":86,"minecraft:total_world_time":9247,"minecraft:fall_one_cm":406,"minecraft:fly_one_cm":140451,"minecraft:inspect_dispenser":5},"minecraft:mined":{"minecraft:spruce_fence":1},"minecraft:used":{"minecraft:netherite_block":1,"minecraft:brown_concrete":1}},"DataVersion":3465}