{"stats":{"minecraft:mined":{"minecraft:diamond_block":1,"minecraft:sculk_shrieker":1,"minecraft:iron_block":1,"minecraft:mushroom_stem":3,"minecraft:iron_door":2,"minecraft:red_mushroom_block":3},"minecraft:killed":{"minecraft:zombified_piglin":2,"minecraft:zombie_horse":1,"minecraft:skeleton":1,"minecraft:chicken":2,"minecraft:snow_golem":1,"minecraft:magma_cube":7,"minecraft:piglin":1,"minecraft:pig":2,"minecraft:zombie_villager":1,"minecraft:bat":1,"minecraft:creeper":11,"minecraft:zombie":10,"minecraft:villager":1},"minecraft:used":{"minecraft:oak_fence":31,"minecraft:cherry_sapling":1,"minecraft:nether_brick_fence":111,"minecraft:netherite_sword":56,"minecraft:writable_book":1,"minecraft:enchanting_table":1,"minecraft:acacia_log":25,"minecraft:flint_and_steel":4,"minecraft:melon":5,"minecraft:redstone_ore":2,"minecraft:red_concrete":6,"minecraft:dispenser":1,"minecraft:redstone":192,"minecraft:ladder":22,"minecraft:bamboo_sign":1,"minecraft:oak_sign":4,"minecraft:silverfish_spawn_egg":92,"minecraft:stripped_warped_stem":38,"minecraft:tinted_glass":2,"minecraft:chest":23,"minecraft:nether_wart":26,"minecraft:donkey_spawn_egg":2,"minecraft:ender_chest":1,"minecraft:brown_concrete":325,"minecraft:stone":1157,"minecraft:zombie_spawn_egg":5,"minecraft:sculk":3,"minecraft:brown_shulker_box":1,"minecraft:bell":2,"minecraft:grass":1,"minecraft:mossy_stone_brick_slab":51,"minecraft:mangrove_hanging_sign":2,"minecraft:rotten_flesh":8,"minecraft:netherrack":303,"minecraft:sculk_sensor":43,"minecraft:torch":30,"minecraft:brewing_stand":5,"minecraft:soul_sand":24,"minecraft:dirt":1160,"minecraft:anvil":1,"minecraft:red_nether_brick_slab":4,"minecraft:chorus_flower":4,"minecraft:brick_slab":3,"minecraft:prismarine_bricks":78,"minecraft:nether_bricks":240,"minecraft:carrot":2,"minecraft:nether_brick_slab":63,"minecraft:mossy_cobblestone_stairs":15,"minecraft:birch_door":3,"minecraft:spruce_fence":27,"minecraft:obsidian":81,"minecraft:oak_fence_gate":1,"minecraft:nether_brick_stairs":82,"minecraft:glow_squid_spawn_egg":2,"minecraft:frog_spawn_egg":1,"minecraft:purple_banner":45,"minecraft:glass":21,"minecraft:orange_candle":1,"minecraft:warden_spawn_egg":5,"minecraft:stone_brick_slab":49,"minecraft:wooden_axe":14,"minecraft:sea_lantern":4,"minecraft:cyan_terracotta":39,"minecraft:lava_bucket":109,"minecraft:bricks":16,"minecraft:bookshelf":18,"minecraft:villager_spawn_egg":1,"minecraft:grass_block":118,"minecraft:spruce_wood":2,"minecraft:iron_block":9,"minecraft:light_weighted_pressure_plate":1,"minecraft:panda_spawn_egg":5,"minecraft:brick_stairs":57,"minecraft:quartz_block":122,"minecraft:acacia_slab":53,"minecraft:polished_andesite_stairs":29,"minecraft:spawner":19,"minecraft:chicken_spawn_egg":3,"minecraft:netherite_hoe":6,"minecraft:mossy_cobblestone_slab":47,"minecraft:piglin_brute_spawn_egg":1,"minecraft:stone_brick_stairs":15,"minecraft:stone_bricks":210,"minecraft:magma_cube_spawn_egg":3,"minecraft:bedrock":921,"minecraft:repeater":48,"minecraft:red_nether_brick_wall":10,"minecraft:glowstone":104,"minecraft:lime_concrete":552,"minecraft:sniffer_spawn_egg":6,"minecraft:black_stained_glass":50,"minecraft:emerald_block":5,"minecraft:written_book":1,"minecraft:furnace":1,"minecraft:oak_sapling":4,"minecraft:minecart":4,"minecraft:gold_block":13,"minecraft:crimson_pressure_plate":6,"minecraft:zombified_piglin_spawn_egg":1,"minecraft:cherry_fence":26,"minecraft:orange_terracotta":20,"minecraft:emerald_ore":4,"minecraft:damaged_anvil":4,"minecraft:pointed_dripstone":124,"minecraft:dark_oak_sapling":2,"minecraft:spider_spawn_egg":3,"minecraft:water_bucket":85,"minecraft:zombie_horse_spawn_egg":1,"minecraft:iron_ore":7,"minecraft:wheat_seeds":5,"minecraft:nether_brick_wall":23,"minecraft:chiseled_polished_blackstone":10,"minecraft:warped_stem":15,"minecraft:mossy_stone_bricks":8,"minecraft:cow_spawn_egg":1,"minecraft:amethyst_block":38,"minecraft:pink_glazed_terracotta":74,"minecraft:brick_wall":9,"minecraft:birch_planks":57,"minecraft:cartography_table":2,"minecraft:polished_andesite":45,"minecraft:dark_oak_sign":2,"minecraft:baked_potato":6,"minecraft:red_nether_bricks":20,"minecraft:ender_pearl":4,"minecraft:mossy_stone_brick_stairs":22,"minecraft:wooden_pickaxe":1,"minecraft:fox_spawn_egg":1,"minecraft:brown_mushroom":8,"minecraft:red_mushroom_block":84,"minecraft:magenta_stained_glass":8,"minecraft:llama_spawn_egg":2,"minecraft:sheep_spawn_egg":7,"minecraft:clay":7,"minecraft:horse_spawn_egg":2,"minecraft:cracked_stone_bricks":4,"minecraft:large_amethyst_bud":13,"minecraft:snow_golem_spawn_egg":1,"minecraft:oak_leaves":37,"minecraft:mossy_cobblestone":4,"minecraft:polished_blackstone_pressure_plate":2,"minecraft:diamond_block":13,"minecraft:rabbit_spawn_egg":1,"minecraft:sand":187,"minecraft:rail":73,"minecraft:crafting_table":5,"minecraft:loom":1,"minecraft:red_mushroom":8,"minecraft:blast_furnace":1,"minecraft:bamboo_block":34,"minecraft:sculk_shrieker":10,"minecraft:mule_spawn_egg":2,"minecraft:stone_brick_wall":24,"minecraft:stripped_cherry_wood":24,"minecraft:lingering_potion":1,"minecraft:end_stone":14,"minecraft:spruce_log":18,"minecraft:dark_oak_door":3,"minecraft:mushroom_stem":19,"minecraft:nether_gold_ore":72,"minecraft:creeper_spawn_egg":9,"minecraft:small_amethyst_bud":31,"minecraft:redstone_torch":13,"minecraft:sticky_piston":11,"minecraft:amethyst_cluster":26,"minecraft:netherite_block":15,"minecraft:green_concrete":1139,"minecraft:acacia_stairs":46,"minecraft:black_concrete":12,"minecraft:birch_slab":386,"minecraft:heavy_weighted_pressure_plate":8,"minecraft:iron_pickaxe":4,"minecraft:lapis_ore":6,"minecraft:tnt_minecart":2,"minecraft:oak_button":2,"minecraft:warped_slab":65,"minecraft:pig_spawn_egg":3,"minecraft:spruce_pressure_plate":2,"minecraft:red_terracotta":49,"minecraft:gravel":7,"minecraft:diamond_ore":61,"minecraft:iron_door":27,"minecraft:spruce_sapling":1,"minecraft:cat_spawn_egg":5,"minecraft:polished_andesite_slab":33,"minecraft:crimson_sign":1,"minecraft:magenta_stained_glass_pane":7,"minecraft:suspicious_gravel":1,"minecraft:potion":19,"minecraft:purple_bed":1,"minecraft:medium_amethyst_bud":12,"minecraft:piglin_spawn_egg":2,"minecraft:grindstone":1,"minecraft:smithing_table":1,"minecraft:crimson_door":9,"minecraft:black_candle":1,"minecraft:green_concrete_powder":2,"minecraft:white_stained_glass":3,"minecraft:polished_blackstone_button":9,"minecraft:end_portal_frame":13,"minecraft:smooth_stone_slab":4,"minecraft:wither_rose":2,"minecraft:birch_stairs":112,"minecraft:splash_potion":19,"minecraft:cobweb":59,"minecraft:coarse_dirt":74,"minecraft:chorus_plant":5,"minecraft:bone_meal":206,"minecraft:sculk_catalyst":6,"minecraft:smooth_stone":187,"minecraft:soul_torch":15,"minecraft:experience_bottle":9},"minecraft:killed_by":{"minecraft:warden":1},"minecraft:crafted":{"minecraft:sugar":1,"minecraft:bamboo_planks":2,"minecraft:shield":1},"minecraft:dropped":{"minecraft:nether_brick_stairs":1,"minecraft:cooked_beef":1,"minecraft:glass_bottle":57,"minecraft:warden_spawn_egg":1,"minecraft:bedrock":1,"minecraft:grass_block":1,"minecraft:iron_block":1,"minecraft:cyan_terracotta":1,"minecraft:cobweb":1,"minecraft:wooden_axe":1,"minecraft:bone_meal":1,"minecraft:sugar":59,"minecraft:red_terracotta":1,"minecraft:shield":1,"minecraft:netherite_block":1,"minecraft:birch_door":1,"minecraft:chest":1,"minecraft:ladder":1,"minecraft:written_book":1,"minecraft:netherrack":1},"minecraft:custom":{"minecraft:interact_with_smithing_table":1,"minecraft:mob_kills":43,"minecraft:interact_with_anvil":7,"minecraft:interact_with_crafting_table":5,"minecraft:leave_game":12,"minecraft:time_since_death":59263,"minecraft:climb_one_cm":969,"minecraft:sprint_one_cm":289921,"minecraft:walk_one_cm":1111410,"minecraft:drop":20,"minecraft:talked_to_villager":2,"minecraft:play_time":939393,"minecraft:deaths":16,"minecraft:sneak_time":68119,"minecraft:walk_under_water_one_cm":6380,"minecraft:jump":2233,"minecraft:interact_with_brewingstand":2,"minecraft:walk_on_water_one_cm":6062,"minecraft:total_world_time":1934926,"minecraft:interact_with_cartography_table":1,"minecraft:interact_with_loom":5,"minecraft:interact_with_grindstone":1,"minecraft:time_since_rest":59288,"minecraft:damage_taken":2490,"minecraft:open_enderchest":1,"minecraft:damage_dealt":6441,"minecraft:fly_one_cm":12925948,"minecraft:open_chest":64,"minecraft:crouch_one_cm":48425,"minecraft:fall_one_cm":11702,"minecraft:inspect_dispenser":25},"minecraft:picked_up":{"minecraft:wooden_axe":2,"minecraft:birch_door":1,"minecraft:crafting_table":2,"minecraft:chicken":2,"minecraft:ladder":1,"minecraft:turtle_helmet":2,"minecraft:wither_rose":2,"minecraft:shield":1,"minecraft:heavy_weighted_pressure_plate":1,"minecraft:string":6,"minecraft:experience_bottle":441,"minecraft:smooth_stone":1,"minecraft:stripped_warped_stem":1,"minecraft:written_book":2,"minecraft:redstone_torch":4,"minecraft:warped_slab":1,"minecraft:light_gray_wool":3,"minecraft:egg":1,"minecraft:tinted_glass":2,"minecraft:chest":3,"minecraft:crimson_sign":1,"minecraft:golden_helmet":2,"minecraft:black_stained_glass":2,"minecraft:stick":2,"minecraft:torch":1,"minecraft:porkchop":6,"minecraft:warden_spawn_egg":1,"minecraft:carrot":2,"minecraft:redstone":27,"minecraft:arrow":2,"minecraft:light_blue_wool":6,"minecraft:rotten_flesh":24,"minecraft:pink_glazed_terracotta":1,"minecraft:iron_block":2,"minecraft:cyan_terracotta":1,"minecraft:feather":1,"minecraft:cooked_beef":1,"minecraft:repeater":5,"minecraft:magma_cream":1,"minecraft:glow_ink_sac":3,"minecraft:iron_door":3,"minecraft:red_mushroom":2,"minecraft:bedrock":1,"minecraft:gunpowder":13,"minecraft:bone":4,"minecraft:warped_stem":2,"minecraft:glass_bottle":180,"minecraft:polished_andesite_slab":2,"minecraft:polished_andesite_stairs":2,"minecraft:pig_spawn_egg":2,"minecraft:red_wool":5,"minecraft:sand":31,"minecraft:soul_torch":1,"minecraft:nether_brick_stairs":1,"minecraft:crimson_door":2,"minecraft:spruce_door":1,"minecraft:diamond_block":1,"minecraft:sea_lantern":2,"minecraft:leather_helmet":2,"minecraft:netherite_block":1,"minecraft:polished_andesite":2,"minecraft:sugar":177,"minecraft:polished_blackstone_button":1,"minecraft:bone_meal":13,"minecraft:emerald":16,"minecraft:chainmail_helmet":2,"minecraft:oak_sapling":3,"minecraft:chorus_fruit":2}},"DataVersion":3465}