{"stats":{"minecraft:picked_up":{"minecraft:spruce_fence":1},"minecraft:custom":{"minecraft:jump":104,"minecraft:open_chest":1,"minecraft:time_since_rest":21470,"minecraft:damage_dealt":80,"minecraft:crouch_one_cm":1066,"minecraft:leave_game":1,"minecraft:play_time":21470,"minecraft:sprint_one_cm":10989,"minecraft:damage_taken":20,"minecraft:time_since_death":21470,"minecraft:walk_one_cm":32566,"minecraft:sneak_time":570,"minecraft:total_world_time":21470,"minecraft:inspect_dispenser":7,"minecraft:fly_one_cm":157688},"minecraft:used":{"minecraft:sticky_piston":1,"minecraft:spruce_fence":2,"minecraft:obsidian":1}},"DataVersion":3465}