{"stats":{"minecraft:picked_up":{"minecraft:spruce_fence":1},"minecraft:custom":{"minecraft:jump":97,"minecraft:open_chest":1,"minecraft:time_since_rest":9470,"minecraft:damage_dealt":80,"minecraft:crouch_one_cm":806,"minecraft:leave_game":1,"minecraft:play_time":9470,"minecraft:sprint_one_cm":9459,"minecraft:damage_taken":20,"minecraft:time_since_death":9470,"minecraft:walk_one_cm":26055,"minecraft:sneak_time":431,"minecraft:total_world_time":9470,"minecraft:inspect_dispenser":5,"minecraft:fly_one_cm":148919},"minecraft:used":{"minecraft:sticky_piston":1,"minecraft:spruce_fence":1,"minecraft:obsidian":1}},"DataVersion":3465}