{"stats":{"minecraft:custom":{"minecraft:jump":62,"minecraft:time_since_rest":4129,"minecraft:leave_game":1,"minecraft:sprint_one_cm":4466,"minecraft:play_time":4129,"minecraft:damage_taken":10,"minecraft:time_since_death":4129,"minecraft:walk_one_cm":2121,"minecraft:total_world_time":4129,"minecraft:fall_one_cm":332,"minecraft:fly_one_cm":13294},"minecraft:picked_up":{"minecraft:spruce_fence":1},"minecraft:used":{"minecraft:spruce_fence":1},"minecraft:mined":{"minecraft:spruce_fence":1}},"DataVersion":3465}